[{"model": "contenttypes.contenttype", "pk": 1, "fields": {"app_label": "admin", "model": "logentry"}}, {"model": "contenttypes.contenttype", "pk": 2, "fields": {"app_label": "auth", "model": "permission"}}, {"model": "contenttypes.contenttype", "pk": 3, "fields": {"app_label": "auth", "model": "group"}}, {"model": "contenttypes.contenttype", "pk": 4, "fields": {"app_label": "contenttypes", "model": "contenttype"}}, {"model": "contenttypes.contenttype", "pk": 5, "fields": {"app_label": "sessions", "model": "session"}}, {"model": "contenttypes.contenttype", "pk": 6, "fields": {"app_label": "sites", "model": "site"}}, {"model": "contenttypes.contenttype", "pk": 7, "fields": {"app_label": "blog", "model": "blogsettings"}}, {"model": "contenttypes.contenttype", "pk": 8, "fields": {"app_label": "blog", "model": "links"}}, {"model": "contenttypes.contenttype", "pk": 9, "fields": {"app_label": "blog", "model": "sidebar"}}, {"model": "contenttypes.contenttype", "pk": 10, "fields": {"app_label": "blog", "model": "tag"}}, {"model": "contenttypes.contenttype", "pk": 11, "fields": {"app_label": "blog", "model": "category"}}, {"model": "contenttypes.contenttype", "pk": 12, "fields": {"app_label": "blog", "model": "article"}}, {"model": "contenttypes.contenttype", "pk": 13, "fields": {"app_label": "accounts", "model": "bloguser"}}, {"model": "contenttypes.contenttype", "pk": 14, "fields": {"app_label": "comments", "model": "comment"}}, {"model": "contenttypes.contenttype", "pk": 15, "fields": {"app_label": "oauth", "model": "oauthconfig"}}, {"model": "contenttypes.contenttype", "pk": 16, "fields": {"app_label": "oauth", "model": "oauthuser"}}, {"model": "contenttypes.contenttype", "pk": 17, "fields": {"app_label": "servermanager", "model": "commands"}}, {"model": "contenttypes.contenttype", "pk": 18, "fields": {"app_label": "servermanager", "model": "emailsendlog"}}, {"model": "contenttypes.contenttype", "pk": 19, "fields": {"app_label": "owntracks", "model": "owntracklog"}}, {"model": "contenttypes.contenttype", "pk": 20, "fields": {"app_label": "about", "model": "about"}}, {"model": "contenttypes.contenttype", "pk": 21, "fields": {"app_label": "about", "model": "evaluation"}}, {"model": "contenttypes.contenttype", "pk": 22, "fields": {"app_label": "about", "model": "teammember"}}, {"model": "contenttypes.contenttype", "pk": 23, "fields": {"app_label": "about", "model": "ourclient"}}, {"model": "contenttypes.contenttype", "pk": 24, "fields": {"app_label": "service", "model": "service"}}, {"model": "contenttypes.contenttype", "pk": 25, "fields": {"app_label": "service", "model": "serviceitem"}}, {"model": "contenttypes.contenttype", "pk": 26, "fields": {"app_label": "service", "model": "serverprocess"}}, {"model": "contenttypes.contenttype", "pk": 27, "fields": {"app_label": "project", "model": "project"}}, {"model": "contenttypes.contenttype", "pk": 28, "fields": {"app_label": "project", "model": "projecttag"}}, {"model": "contenttypes.contenttype", "pk": 29, "fields": {"app_label": "project", "model": "projectattach"}}, {"model": "contenttypes.contenttype", "pk": 30, "fields": {"app_label": "home", "model": "home"}}, {"model": "contenttypes.contenttype", "pk": 31, "fields": {"app_label": "home", "model": "homesuperiority"}}, {"model": "contenttypes.contenttype", "pk": 32, "fields": {"app_label": "home", "model": "homecarousel"}}, {"model": "contenttypes.contenttype", "pk": 33, "fields": {"app_label": "base", "model": "baseattach"}}, {"model": "contenttypes.contenttype", "pk": 34, "fields": {"app_label": "base", "model": "basetag"}}, {"model": "contenttypes.contenttype", "pk": 35, "fields": {"app_label": "case", "model": "case"}}, {"model": "contenttypes.contenttype", "pk": 36, "fields": {"app_label": "product", "model": "product"}}, {"model": "contenttypes.contenttype", "pk": 37, "fields": {"app_label": "case", "model": "category"}}, {"model": "contenttypes.contenttype", "pk": 38, "fields": {"app_label": "about", "model": "message"}}, {"model": "contenttypes.contenttype", "pk": 39, "fields": {"app_label": "base", "model": "websettings"}}, {"model": "contenttypes.contenttype", "pk": 40, "fields": {"app_label": "base", "model": "message"}}, {"model": "contenttypes.contenttype", "pk": 41, "fields": {"app_label": "about", "model": "aboutus"}}, {"model": "contenttypes.contenttype", "pk": 42, "fields": {"app_label": "about", "model": "joinus"}}, {"model": "contenttypes.contenttype", "pk": 43, "fields": {"app_label": "about", "model": "contactus"}}, {"model": "sessions.session", "pk": "7z39uurnthytmydy27fa2wngxnywbilc", "fields": {"session_data": "MWVjMWQ1OWJlZDVjZmY0MjQyYjNlODI0YTQyODA3ZDhkM2VmMTVlOTp7Il9hdXRoX3VzZXJfaWQiOiIyIiwiX2F1dGhfdXNlcl9iYWNrZW5kIjoiYWNjb3VudHMudXNlcl9sb2dpbl9iYWNrZW5kLkVtYWlsT3JVc2VybmFtZU1vZGVsQmFja2VuZCIsIl9hdXRoX3VzZXJfaGFzaCI6IjMwOWJjZTlmN2I3MTdmMjg3ZTkzYjk5M2Q4MzAzYTQzZjM3ODNiZDcifQ==", "expire_date": "2020-04-13T12:02:25.049"}}, {"model": "sessions.session", "pk": "t7en89o12f57antibxfj9gwmxcj9b9ns", "fields": {"session_data": "OGU4NWNiOTAyZDNkYzBiN2RkNTljZTNhMzU1MjdkNTlmMTE0NjVkNTp7Il9hdXRoX3VzZXJfaWQiOiIyIiwiX2F1dGhfdXNlcl9iYWNrZW5kIjoiYWNjb3VudHMudXNlcl9sb2dpbl9iYWNrZW5kLkVtYWlsT3JVc2VybmFtZU1vZGVsQmFja2VuZCIsIl9hdXRoX3VzZXJfaGFzaCI6IjMwOWJjZTlmN2I3MTdmMjg3ZTkzYjk5M2Q4MzAzYTQzZjM3ODNiZDciLCJzaW1wbGV1aV8yMDIwMDQwOCI6dHJ1ZSwic2ltcGxldWlfMjAyMDA0MDkiOnRydWV9", "expire_date": "2020-04-23T03:03:58.231"}}, {"model": "sessions.session", "pk": "u5ozets71k5bbd8g7apac9t2komj4wxh", "fields": {"session_data": "OWQ2NTczNGIzNjJkMDI5NGJlYjQxODc3MTMwMWFlNDNlNDY3MjUyMjp7Il9hdXRoX3VzZXJfaWQiOiIyIiwiX2F1dGhfdXNlcl9iYWNrZW5kIjoiYWNjb3VudHMudXNlcl9sb2dpbl9iYWNrZW5kLkVtYWlsT3JVc2VybmFtZU1vZGVsQmFja2VuZCIsIl9hdXRoX3VzZXJfaGFzaCI6IjMwOWJjZTlmN2I3MTdmMjg3ZTkzYjk5M2Q4MzAzYTQzZjM3ODNiZDciLCJzaW1wbGV1aV8yMDIwMDQxMCI6dHJ1ZX0=", "expire_date": "2020-04-24T12:51:38.187"}}, {"model": "sessions.session", "pk": "wxdc38xpau9loxxleyopubnf7d3woc28", "fields": {"session_data": "ZDc4N2M0YWMxMzkwMTU1OWIyZWM3YmY2Y2Y3NjhiMTVhMjM5MjdmMzp7Il9hdXRoX3VzZXJfaWQiOiIyIiwiX2F1dGhfdXNlcl9iYWNrZW5kIjoiYWNjb3VudHMudXNlcl9sb2dpbl9iYWNrZW5kLkVtYWlsT3JVc2VybmFtZU1vZGVsQmFja2VuZCIsIl9hdXRoX3VzZXJfaGFzaCI6IjMwOWJjZTlmN2I3MTdmMjg3ZTkzYjk5M2Q4MzAzYTQzZjM3ODNiZDciLCJzaW1wbGV1aV8yMDIwMDQwNyI6dHJ1ZSwic2ltcGxldWlfMjAyMDA0MDgiOnRydWV9", "expire_date": "2020-04-22T01:54:20.609"}}, {"model": "sites.site", "pk": 1, "fields": {"domain": "example.com", "name": "example.com"}}, {"model": "blog.category", "pk": 1, "fields": {"created_time": "2020-03-30T11:58:11.840", "last_mod_time": "2020-03-30T11:58:11.840", "name": "\u6211\u662f\u7236\u7c7b\u76ee", "parent_category": null, "slug": "wo-shi-fu-lei-mu"}}, {"model": "blog.category", "pk": 2, "fields": {"created_time": "2020-03-30T11:58:11.884", "last_mod_time": "2020-03-30T11:58:11.884", "name": "\u5b50\u7c7b\u76ee", "parent_category": 1, "slug": "zi-lei-mu"}}, {"model": "blog.tag", "pk": 1, "fields": {"created_time": "2020-03-30T11:58:11.958", "last_mod_time": "2020-03-30T11:58:11.958", "name": "\u6807\u7b7e", "slug": "biao-qian"}}, {"model": "blog.tag", "pk": 2, "fields": {"created_time": "2020-03-30T11:58:12.544", "last_mod_time": "2020-03-30T11:58:12.544", "name": "\u6807\u7b7e1", "slug": "biao-qian-1"}}, {"model": "blog.tag", "pk": 3, "fields": {"created_time": "2020-03-30T11:58:12.713", "last_mod_time": "2020-03-30T11:58:12.713", "name": "\u6807\u7b7e2", "slug": "biao-qian-2"}}, {"model": "blog.tag", "pk": 4, "fields": {"created_time": "2020-03-30T11:58:13.000", "last_mod_time": "2020-03-30T11:58:13.000", "name": "\u6807\u7b7e3", "slug": "biao-qian-3"}}, {"model": "blog.tag", "pk": 5, "fields": {"created_time": "2020-03-30T11:58:13.142", "last_mod_time": "2020-03-30T11:58:13.142", "name": "\u6807\u7b7e4", "slug": "biao-qian-4"}}, {"model": "blog.tag", "pk": 6, "fields": {"created_time": "2020-03-30T11:58:13.307", "last_mod_time": "2020-03-30T11:58:13.307", "name": "\u6807\u7b7e5", "slug": "biao-qian-5"}}, {"model": "blog.tag", "pk": 7, "fields": {"created_time": "2020-03-30T11:58:13.457", "last_mod_time": "2020-03-30T11:58:13.457", "name": "\u6807\u7b7e6", "slug": "biao-qian-6"}}, {"model": "blog.tag", "pk": 8, "fields": {"created_time": "2020-03-30T11:58:13.801", "last_mod_time": "2020-03-30T11:58:13.801", "name": "\u6807\u7b7e7", "slug": "biao-qian-7"}}, {"model": "blog.tag", "pk": 9, "fields": {"created_time": "2020-03-30T11:58:13.953", "last_mod_time": "2020-03-30T11:58:13.953", "name": "\u6807\u7b7e8", "slug": "biao-qian-8"}}, {"model": "blog.tag", "pk": 10, "fields": {"created_time": "2020-03-30T11:58:14.097", "last_mod_time": "2020-03-30T11:58:14.097", "name": "\u6807\u7b7e9", "slug": "biao-qian-9"}}, {"model": "blog.tag", "pk": 11, "fields": {"created_time": "2020-03-30T11:58:14.255", "last_mod_time": "2020-03-30T11:58:14.255", "name": "\u6807\u7b7e10", "slug": "biao-qian-10"}}, {"model": "blog.tag", "pk": 12, "fields": {"created_time": "2020-03-30T11:58:14.394", "last_mod_time": "2020-03-30T11:58:14.394", "name": "\u6807\u7b7e11", "slug": "biao-qian-11"}}, {"model": "blog.tag", "pk": 13, "fields": {"created_time": "2020-03-30T11:58:14.546", "last_mod_time": "2020-03-30T11:58:14.546", "name": "\u6807\u7b7e12", "slug": "biao-qian-12"}}, {"model": "blog.tag", "pk": 14, "fields": {"created_time": "2020-03-30T11:58:14.699", "last_mod_time": "2020-03-30T11:58:14.699", "name": "\u6807\u7b7e13", "slug": "biao-qian-13"}}, {"model": "blog.tag", "pk": 15, "fields": {"created_time": "2020-03-30T11:58:14.839", "last_mod_time": "2020-03-30T11:58:14.839", "name": "\u6807\u7b7e14", "slug": "biao-qian-14"}}, {"model": "blog.tag", "pk": 16, "fields": {"created_time": "2020-03-30T11:58:15.019", "last_mod_time": "2020-03-30T11:58:15.019", "name": "\u6807\u7b7e15", "slug": "biao-qian-15"}}, {"model": "blog.tag", "pk": 17, "fields": {"created_time": "2020-03-30T11:58:15.167", "last_mod_time": "2020-03-30T11:58:15.167", "name": "\u6807\u7b7e16", "slug": "biao-qian-16"}}, {"model": "blog.tag", "pk": 18, "fields": {"created_time": "2020-03-30T11:58:15.354", "last_mod_time": "2020-03-30T11:58:15.354", "name": "\u6807\u7b7e17", "slug": "biao-qian-17"}}, {"model": "blog.tag", "pk": 19, "fields": {"created_time": "2020-03-30T11:58:15.530", "last_mod_time": "2020-03-30T11:58:15.530", "name": "\u6807\u7b7e18", "slug": "biao-qian-18"}}, {"model": "blog.tag", "pk": 20, "fields": {"created_time": "2020-03-30T11:58:15.671", "last_mod_time": "2020-03-30T11:58:15.671", "name": "\u6807\u7b7e19", "slug": "biao-qian-19"}}, {"model": "servermanager.commands", "pk": 1, "fields": {"title": "\u6e05\u7a7a\u7f13\u5b58", "command": "clear_cache", "describe": "\u6e05\u7a7a\u7f13\u5b58", "created_time": "2020-04-08T07:46:10.949", "last_mod_time": "2020-04-08T07:46:10.949"}}, {"model": "base.basetag", "pk": 1, "fields": {"created_time": "2020-04-08T02:21:58.461", "last_mod_time": "2020-04-08T02:21:58.461", "is_enable": true, "sequence": 1, "name": "sdf", "description": "sadf"}}, {"model": "base.websettings", "pk": 1, "fields": {"sitename": "\u9752\u5c9b\u524d\u9014\u8f6f\u4ef6\u6280\u672f\u6709\u9650\u516c\u53f8", "site_description": "\u9752\u5c9b\u524d\u9014\u8f6f\u4ef6\u6280\u672f\u6709\u9650\u516c\u53f8", "site_seo_description": "\u9752\u5c9b\u524d\u9014\u8f6f\u4ef6\u6280\u672f\u6709\u9650\u516c\u53f8", "site_keywords": "\u9752\u5c9b\u524d\u9014\u8f6f\u4ef6\u6280\u672f\u6709\u9650\u516c\u53f8,\u5c39\u5f6c\u535a\u5ba2", "blogname": "\u5c39\u5f6c\u7684\u535a\u5ba2", "blog_description": "\u5c39\u5f6c\u7684\u535a\u5ba2", "blog_seo_description": "\u5c39\u5f6c\u7684\u535a\u5ba2", "blog_keywords": "\u5c39\u5f6c\u7684\u535a\u5ba2", "article_sub_length": 300, "sidebar_article_count": 10, "sidebar_comment_count": 5, "show_google_adsense": false, "google_adsense_codes": "", "open_site_comment": true, "beiancode": null, "analyticscode": "var a=1;", "show_gongan_code": false, "gongan_beiancode": "", "resource_path": "/var/www/resource/"}}, {"model": "base.message", "pk": 1, "fields": {"created_time": "2020-04-08T09:45:01.144", "last_mod_time": "2020-04-08T09:45:01.144", "is_enable": true, "sequence": null, "name": "", "phone": "17554153785", "wechart": "", "qq": null, "email": null, "content": ""}}, {"model": "base.message", "pk": 2, "fields": {"created_time": "2020-04-08T09:45:47.581", "last_mod_time": "2020-04-08T09:45:47.581", "is_enable": true, "sequence": null, "name": "", "phone": "17554153785", "wechart": "dsfg", "qq": null, "email": null, "content": ""}}, {"model": "base.message", "pk": 3, "fields": {"created_time": "2020-04-08T09:48:05.914", "last_mod_time": "2020-04-08T09:48:05.914", "is_enable": true, "sequence": null, "name": "", "phone": "17554153785", "wechart": "dsfg", "qq": null, "email": null, "content": "dfsgsdf"}}, {"model": "home.home", "pk": 2, "fields": {"slogan": "hfgjghj", "carousel_delay": 2, "testimonials_delay": 2}}, {"model": "home.homecarousel", "pk": 2, "fields": {"created_time": "2020-03-30T12:37:16.151", "last_mod_time": "2020-03-30T12:37:16.151", "is_enable": true, "sequence": null, "title": "asdf", "description": "fdg", "image": "upload/home/carousel/image/banner1_NUrexTo.jpg", "video": "", "home": 2}}, {"model": "home.homecarousel", "pk": 3, "fields": {"created_time": "2020-03-30T12:37:16.152", "last_mod_time": "2020-03-30T12:37:16.152", "is_enable": true, "sequence": null, "title": "dfsg", "description": "dsfg", "image": "upload/home/carousel/image/banner2.jpg", "video": "", "home": 2}}, {"model": "home.homecarousel", "pk": 4, "fields": {"created_time": "2020-03-30T12:37:16.153", "last_mod_time": "2020-03-30T12:37:16.153", "is_enable": true, "sequence": null, "title": "sdfg", "description": "dfsgh", "image": "upload/home/carousel/image/banner3.jpg", "video": "", "home": 2}}, {"model": "home.homesuperiority", "pk": 1, "fields": {"created_time": "2020-03-30T12:37:16.202", "last_mod_time": "2020-03-30T12:37:16.202", "is_enable": true, "sequence": null, "title": "dfgh", "description": "dfgh", "home": 2}}, {"model": "home.homesuperiority", "pk": 2, "fields": {"created_time": "2020-03-30T12:37:16.203", "last_mod_time": "2020-03-30T12:37:16.203", "is_enable": true, "sequence": null, "title": "dfgh", "description": "dfgh", "home": 2}}, {"model": "home.homesuperiority", "pk": 3, "fields": {"created_time": "2020-03-30T12:37:16.203", "last_mod_time": "2020-03-30T12:37:16.203", "is_enable": true, "sequence": null, "title": "dfgh", "description": "dfgh", "home": 2}}, {"model": "about.aboutus", "pk": 1, "fields": {"content": "## 1. \u6211\u4eec\u662f\u505a\u4ec0\u4e48\u7684\uff1f\r\n\u9752\u5c9b\u524d\u9014\u8f6f\u4ef6\u6280\u672f\u6709\u9650\u516c\u53f8\uff0c\u7b80\u79f0\u524d\u9014\u8f6f\u4ef6\uff0c\u6210\u7acb\u4e8e2018\u5e74\uff0c\u662f\u4e00\u5bb6\u4e13\u6ce8\u4e8e\u8f6f\u4ef6\u5f00\u53d1\u7684\u4f01\u4e1a\uff0c\u62e5\u6709Java\u3001JavaScript\u3001NodeJs\u3001Python\u3001Dart\u3001GoLang\u7b49\u5404\u7c7b\u8f6f\u4ef6\u5f00\u53d1\u5de5\u7a0b\u5e088\u540d\uff0c\u5b9a\u4f4d\u4e8e\u7cfb\u7edf\u8f6f\u4ef6\u548cAPP\u5b9a\u5236\u5f00\u53d1\u9886\u57df\uff0c\u53ef\u627f\u63a5\u5404\u7c7b\u8f6f\u4ef6\u5b9a\u5236\u5f00\u53d1\u4e1a\u52a1\u53ca\u653f\u52a1\u4fe1\u606f\u5316\u3001\u4f01\u4e1a\u4fe1\u606f\u5316\u5efa\u8bbe\u9879\u76ee\u3001\u9879\u76ee\u5916\u5305\u4e1a\u52a1\u3002"}}, {"model": "service.service", "pk": 1, "fields": {"created_time": "2020-04-07T09:43:56.692", "last_mod_time": "2020-04-07T09:43:56.692", "is_enable": true, "sequence": null, "name": "\u8428\u82ac\u7684", "description": "\u5b89\u8d5b\u98de", "thumb": "verify.png", "slogan": "\u6492\u6265", "content": "\u4e1c\u98ce\u8d5b\u98ce\u98ce"}}, {"model": "service.service", "pk": 2, "fields": {"created_time": "2020-04-07T10:30:26.324", "last_mod_time": "2020-04-07T10:30:26.324", "is_enable": true, "sequence": 23, "name": "\u6492\u6265", "description": "\u8d5b\u98ce", "thumb": "verify_4ktmVeV.png", "slogan": "\u4e1c\u98ce", "content": "\u6265\u50e7\u6265\u5171\u6265\u98ce\u6321\u6265\u521a\u6265\u5c31\u6265\r\n\r\nsdfg dsfg\r\nds\r\n\r\n\r\n\u8d5b\u98ce\r\n\r\n\r\n\u8d5b\u98ce"}}, {"model": "service.service", "pk": 3, "fields": {"created_time": "2020-04-08T08:38:25.179", "last_mod_time": "2020-04-08T08:38:25.179", "is_enable": true, "sequence": null, "name": "\u8d5b\u98ce\u4e1c\u98ce", "description": "\u8d5b\u98ce\u98ce\u6321", "thumb": "verify_NxL6Y2l.png", "slogan": "\u8d39\u7b49\u75d5\u7b49\u5f88\u7b49\u4f1a", "content": "\u6265\u521a\u6265\u521a\u6265\u521a"}}, {"model": "product.product", "pk": 1, "fields": {"created_time": "2020-04-08T02:23:28.503", "last_mod_time": "2020-04-08T02:23:28.503", "is_enable": true, "sequence": 1, "name": "\u6492\u6265\u5b89\u8d5b\u98de", "description": "\u98ce\u816e\u98ce\r\ndsfg\r\ndsfg\r\n\r\ndgfs \r\n\r\n## \u6492\u65e6\u5543\u8001\r\n\r\n\r\n> jskdfjk \r\n\r\n- jksdf\r\n- sfdjkl", "thumb": "upload/project/thumb/2020/04/08/verify.png", "content": "dgfs \r\n\r\n## \u6492\u65e6\u5543\u8001\r\n\r\n\r\n> jskdfjk \r\n\r\n- jksdf", "source_url": "http://www.qdqtrj.com", "service": 2, "tags": [1]}}, {"model": "product.product", "pk": 2, "fields": {"created_time": "2020-04-08T02:27:56.271", "last_mod_time": "2020-04-08T02:27:56.271", "is_enable": true, "sequence": 2, "name": "fghdjdfgj", "description": "\u4e1c\u98ce\r\ns\u6265\u554a", "thumb": "upload/project/thumb/2020/04/08/verify_mpY5ynn.png", "content": "\u5b89\u8d5b\u98de\r\ngdfhfgh\u6265\u611f\u5230fdf\u7684\r\n\r\n\u6265\u6052\u6265\u4e2a\r\n\r\n\u5c01\u6389ghdf \r\n\r\n\u5426\u6234\u98ce\u534e\r\n\r\n\u5f88\u8be5df \r\n\u6265\u4e2ah", "source_url": "http://www.qdqtrj.com", "service": 2, "tags": [1]}}, {"model": "case.category", "pk": 1, "fields": {"created_time": "2020-04-08T03:06:45.441", "last_mod_time": "2020-04-08T03:06:45.441", "is_enable": true, "name": "\u6492\u6265", "sequence": 1}}, {"model": "case.category", "pk": 2, "fields": {"created_time": "2020-04-08T03:06:48.562", "last_mod_time": "2020-04-08T03:06:48.562", "is_enable": true, "name": "\u4ed8\u4e1c\u98ce", "sequence": 2}}, {"model": "case.category", "pk": 3, "fields": {"created_time": "2020-04-08T03:06:52.673", "last_mod_time": "2020-04-08T03:06:52.673", "is_enable": true, "name": "\u4e1c\u98ce", "sequence": 3}}, {"model": "case.category", "pk": 4, "fields": {"created_time": "2020-04-08T03:07:00.546", "last_mod_time": "2020-04-08T03:07:00.546", "is_enable": true, "name": "43\u4e1c\u98ce", "sequence": 5}}, {"model": "case.category", "pk": 5, "fields": {"created_time": "2020-04-08T03:07:08.187", "last_mod_time": "2020-04-08T03:07:08.187", "is_enable": true, "name": "\u50e7\u53d1\u7684", "sequence": 6}}, {"model": "case.case", "pk": 1, "fields": {"created_time": "2020-04-08T03:07:43.869", "last_mod_time": "2020-04-08T03:07:43.869", "is_enable": true, "category": 2, "name": "sad\u5206", "description": "\u4e1c\u98ce", "thumb": "upload/case/thumb/2020/04/08/verify.png", "content": "\u8d5b\u98ce\u8d5b\u98ce", "source_url": null, "service": null, "sequence": 1, "related_cases": []}}, {"model": "case.case", "pk": 2, "fields": {"created_time": "2020-04-08T03:08:02.464", "last_mod_time": "2020-04-08T03:08:02.464", "is_enable": true, "category": 3, "name": "sdfg", "description": "dsfgdsfg", "thumb": "upload/case/thumb/2020/04/08/verify_brruUIz.png", "content": "dfsgdsfgdfg", "source_url": null, "service": null, "sequence": 2, "related_cases": []}}, {"model": "case.case", "pk": 3, "fields": {"created_time": "2020-04-08T03:08:20.987", "last_mod_time": "2020-04-08T03:08:20.987", "is_enable": true, "category": 1, "name": "ghfj", "description": "dsfgdsfg", "thumb": "upload/case/thumb/2020/04/08/verify_HvTusl7.png", "content": "fghjghj", "source_url": null, "service": null, "sequence": 3, "related_cases": []}}, {"model": "case.case", "pk": 4, "fields": {"created_time": "2020-04-08T03:08:38.429", "last_mod_time": "2020-04-08T03:08:38.429", "is_enable": true, "category": 2, "name": "fghj", "description": "gfhjhjkl", "thumb": "upload/case/thumb/2020/04/08/verify_bl1SKnT.png", "content": "jkhluy", "source_url": null, "service": null, "sequence": 5, "related_cases": []}}, {"model": "auth.permission", "pk": 1, "fields": {"name": "Can add log entry", "content_type": 1, "codename": "add_logentry"}}, {"model": "auth.permission", "pk": 2, "fields": {"name": "Can change log entry", "content_type": 1, "codename": "change_logentry"}}, {"model": "auth.permission", "pk": 3, "fields": {"name": "Can delete log entry", "content_type": 1, "codename": "delete_logentry"}}, {"model": "auth.permission", "pk": 4, "fields": {"name": "Can view log entry", "content_type": 1, "codename": "view_logentry"}}, {"model": "auth.permission", "pk": 5, "fields": {"name": "Can add permission", "content_type": 2, "codename": "add_permission"}}, {"model": "auth.permission", "pk": 6, "fields": {"name": "Can change permission", "content_type": 2, "codename": "change_permission"}}, {"model": "auth.permission", "pk": 7, "fields": {"name": "Can delete permission", "content_type": 2, "codename": "delete_permission"}}, {"model": "auth.permission", "pk": 8, "fields": {"name": "Can view permission", "content_type": 2, "codename": "view_permission"}}, {"model": "auth.permission", "pk": 9, "fields": {"name": "Can add group", "content_type": 3, "codename": "add_group"}}, {"model": "auth.permission", "pk": 10, "fields": {"name": "Can change group", "content_type": 3, "codename": "change_group"}}, {"model": "auth.permission", "pk": 11, "fields": {"name": "Can delete group", "content_type": 3, "codename": "delete_group"}}, {"model": "auth.permission", "pk": 12, "fields": {"name": "Can view group", "content_type": 3, "codename": "view_group"}}, {"model": "auth.permission", "pk": 13, "fields": {"name": "Can add content type", "content_type": 4, "codename": "add_contenttype"}}, {"model": "auth.permission", "pk": 14, "fields": {"name": "Can change content type", "content_type": 4, "codename": "change_contenttype"}}, {"model": "auth.permission", "pk": 15, "fields": {"name": "Can delete content type", "content_type": 4, "codename": "delete_contenttype"}}, {"model": "auth.permission", "pk": 16, "fields": {"name": "Can view content type", "content_type": 4, "codename": "view_contenttype"}}, {"model": "auth.permission", "pk": 17, "fields": {"name": "Can add session", "content_type": 5, "codename": "add_session"}}, {"model": "auth.permission", "pk": 18, "fields": {"name": "Can change session", "content_type": 5, "codename": "change_session"}}, {"model": "auth.permission", "pk": 19, "fields": {"name": "Can delete session", "content_type": 5, "codename": "delete_session"}}, {"model": "auth.permission", "pk": 20, "fields": {"name": "Can view session", "content_type": 5, "codename": "view_session"}}, {"model": "auth.permission", "pk": 21, "fields": {"name": "Can add site", "content_type": 6, "codename": "add_site"}}, {"model": "auth.permission", "pk": 22, "fields": {"name": "Can change site", "content_type": 6, "codename": "change_site"}}, {"model": "auth.permission", "pk": 23, "fields": {"name": "Can delete site", "content_type": 6, "codename": "delete_site"}}, {"model": "auth.permission", "pk": 24, "fields": {"name": "Can view site", "content_type": 6, "codename": "view_site"}}, {"model": "auth.permission", "pk": 25, "fields": {"name": "Can add \u7f51\u7ad9\u914d\u7f6e", "content_type": 7, "codename": "add_blogsettings"}}, {"model": "auth.permission", "pk": 26, "fields": {"name": "Can change \u7f51\u7ad9\u914d\u7f6e", "content_type": 7, "codename": "change_blogsettings"}}, {"model": "auth.permission", "pk": 27, "fields": {"name": "Can delete \u7f51\u7ad9\u914d\u7f6e", "content_type": 7, "codename": "delete_blogsettings"}}, {"model": "auth.permission", "pk": 28, "fields": {"name": "Can view \u7f51\u7ad9\u914d\u7f6e", "content_type": 7, "codename": "view_blogsettings"}}, {"model": "auth.permission", "pk": 29, "fields": {"name": "Can add \u53cb\u60c5\u94fe\u63a5", "content_type": 8, "codename": "add_links"}}, {"model": "auth.permission", "pk": 30, "fields": {"name": "Can change \u53cb\u60c5\u94fe\u63a5", "content_type": 8, "codename": "change_links"}}, {"model": "auth.permission", "pk": 31, "fields": {"name": "Can delete \u53cb\u60c5\u94fe\u63a5", "content_type": 8, "codename": "delete_links"}}, {"model": "auth.permission", "pk": 32, "fields": {"name": "Can view \u53cb\u60c5\u94fe\u63a5", "content_type": 8, "codename": "view_links"}}, {"model": "auth.permission", "pk": 33, "fields": {"name": "Can add \u4fa7\u8fb9\u680f", "content_type": 9, "codename": "add_sidebar"}}, {"model": "auth.permission", "pk": 34, "fields": {"name": "Can change \u4fa7\u8fb9\u680f", "content_type": 9, "codename": "change_sidebar"}}, {"model": "auth.permission", "pk": 35, "fields": {"name": "Can delete \u4fa7\u8fb9\u680f", "content_type": 9, "codename": "delete_sidebar"}}, {"model": "auth.permission", "pk": 36, "fields": {"name": "Can view \u4fa7\u8fb9\u680f", "content_type": 9, "codename": "view_sidebar"}}, {"model": "auth.permission", "pk": 37, "fields": {"name": "Can add \u6807\u7b7e", "content_type": 10, "codename": "add_tag"}}, {"model": "auth.permission", "pk": 38, "fields": {"name": "Can change \u6807\u7b7e", "content_type": 10, "codename": "change_tag"}}, {"model": "auth.permission", "pk": 39, "fields": {"name": "Can delete \u6807\u7b7e", "content_type": 10, "codename": "delete_tag"}}, {"model": "auth.permission", "pk": 40, "fields": {"name": "Can view \u6807\u7b7e", "content_type": 10, "codename": "view_tag"}}, {"model": "auth.permission", "pk": 41, "fields": {"name": "Can add \u5206\u7c7b", "content_type": 11, "codename": "add_category"}}, {"model": "auth.permission", "pk": 42, "fields": {"name": "Can change \u5206\u7c7b", "content_type": 11, "codename": "change_category"}}, {"model": "auth.permission", "pk": 43, "fields": {"name": "Can delete \u5206\u7c7b", "content_type": 11, "codename": "delete_category"}}, {"model": "auth.permission", "pk": 44, "fields": {"name": "Can view \u5206\u7c7b", "content_type": 11, "codename": "view_category"}}, {"model": "auth.permission", "pk": 45, "fields": {"name": "Can add \u6587\u7ae0", "content_type": 12, "codename": "add_article"}}, {"model": "auth.permission", "pk": 46, "fields": {"name": "Can change \u6587\u7ae0", "content_type": 12, "codename": "change_article"}}, {"model": "auth.permission", "pk": 47, "fields": {"name": "Can delete \u6587\u7ae0", "content_type": 12, "codename": "delete_article"}}, {"model": "auth.permission", "pk": 48, "fields": {"name": "Can view \u6587\u7ae0", "content_type": 12, "codename": "view_article"}}, {"model": "auth.permission", "pk": 49, "fields": {"name": "Can add \u7528\u6237", "content_type": 13, "codename": "add_bloguser"}}, {"model": "auth.permission", "pk": 50, "fields": {"name": "Can change \u7528\u6237", "content_type": 13, "codename": "change_bloguser"}}, {"model": "auth.permission", "pk": 51, "fields": {"name": "Can delete \u7528\u6237", "content_type": 13, "codename": "delete_bloguser"}}, {"model": "auth.permission", "pk": 52, "fields": {"name": "Can view \u7528\u6237", "content_type": 13, "codename": "view_bloguser"}}, {"model": "auth.permission", "pk": 53, "fields": {"name": "Can add \u8bc4\u8bba", "content_type": 14, "codename": "add_comment"}}, {"model": "auth.permission", "pk": 54, "fields": {"name": "Can change \u8bc4\u8bba", "content_type": 14, "codename": "change_comment"}}, {"model": "auth.permission", "pk": 55, "fields": {"name": "Can delete \u8bc4\u8bba", "content_type": 14, "codename": "delete_comment"}}, {"model": "auth.permission", "pk": 56, "fields": {"name": "Can view \u8bc4\u8bba", "content_type": 14, "codename": "view_comment"}}, {"model": "auth.permission", "pk": 57, "fields": {"name": "Can add oauth\u914d\u7f6e", "content_type": 15, "codename": "add_oauthconfig"}}, {"model": "auth.permission", "pk": 58, "fields": {"name": "Can change oauth\u914d\u7f6e", "content_type": 15, "codename": "change_oauthconfig"}}, {"model": "auth.permission", "pk": 59, "fields": {"name": "Can delete oauth\u914d\u7f6e", "content_type": 15, "codename": "delete_oauthconfig"}}, {"model": "auth.permission", "pk": 60, "fields": {"name": "Can view oauth\u914d\u7f6e", "content_type": 15, "codename": "view_oauthconfig"}}, {"model": "auth.permission", "pk": 61, "fields": {"name": "Can add oauth\u7528\u6237", "content_type": 16, "codename": "add_oauthuser"}}, {"model": "auth.permission", "pk": 62, "fields": {"name": "Can change oauth\u7528\u6237", "content_type": 16, "codename": "change_oauthuser"}}, {"model": "auth.permission", "pk": 63, "fields": {"name": "Can delete oauth\u7528\u6237", "content_type": 16, "codename": "delete_oauthuser"}}, {"model": "auth.permission", "pk": 64, "fields": {"name": "Can view oauth\u7528\u6237", "content_type": 16, "codename": "view_oauthuser"}}, {"model": "auth.permission", "pk": 65, "fields": {"name": "Can add \u547d\u4ee4", "content_type": 17, "codename": "add_commands"}}, {"model": "auth.permission", "pk": 66, "fields": {"name": "Can change \u547d\u4ee4", "content_type": 17, "codename": "change_commands"}}, {"model": "auth.permission", "pk": 67, "fields": {"name": "Can delete \u547d\u4ee4", "content_type": 17, "codename": "delete_commands"}}, {"model": "auth.permission", "pk": 68, "fields": {"name": "Can view \u547d\u4ee4", "content_type": 17, "codename": "view_commands"}}, {"model": "auth.permission", "pk": 69, "fields": {"name": "Can add \u90ae\u4ef6\u53d1\u9001log", "content_type": 18, "codename": "add_emailsendlog"}}, {"model": "auth.permission", "pk": 70, "fields": {"name": "Can change \u90ae\u4ef6\u53d1\u9001log", "content_type": 18, "codename": "change_emailsendlog"}}, {"model": "auth.permission", "pk": 71, "fields": {"name": "Can delete \u90ae\u4ef6\u53d1\u9001log", "content_type": 18, "codename": "delete_emailsendlog"}}, {"model": "auth.permission", "pk": 72, "fields": {"name": "Can view \u90ae\u4ef6\u53d1\u9001log", "content_type": 18, "codename": "view_emailsendlog"}}, {"model": "auth.permission", "pk": 73, "fields": {"name": "Can add OwnTrackLogs", "content_type": 19, "codename": "add_owntracklog"}}, {"model": "auth.permission", "pk": 74, "fields": {"name": "Can change OwnTrackLogs", "content_type": 19, "codename": "change_owntracklog"}}, {"model": "auth.permission", "pk": 75, "fields": {"name": "Can delete OwnTrackLogs", "content_type": 19, "codename": "delete_owntracklog"}}, {"model": "auth.permission", "pk": 76, "fields": {"name": "Can view OwnTrackLogs", "content_type": 19, "codename": "view_owntracklog"}}, {"model": "auth.permission", "pk": 77, "fields": {"name": "Can add \u5173\u4e8e\u4fe1\u606f", "content_type": 20, "codename": "add_about"}}, {"model": "auth.permission", "pk": 78, "fields": {"name": "Can change \u5173\u4e8e\u4fe1\u606f", "content_type": 20, "codename": "change_about"}}, {"model": "auth.permission", "pk": 79, "fields": {"name": "Can delete \u5173\u4e8e\u4fe1\u606f", "content_type": 20, "codename": "delete_about"}}, {"model": "auth.permission", "pk": 80, "fields": {"name": "Can view \u5173\u4e8e\u4fe1\u606f", "content_type": 20, "codename": "view_about"}}, {"model": "auth.permission", "pk": 81, "fields": {"name": "Can add \u5ba2\u6237\u8bc4\u4ef7", "content_type": 21, "codename": "add_testimonials"}}, {"model": "auth.permission", "pk": 82, "fields": {"name": "Can change \u5ba2\u6237\u8bc4\u4ef7", "content_type": 21, "codename": "change_testimonials"}}, {"model": "auth.permission", "pk": 83, "fields": {"name": "Can delete \u5ba2\u6237\u8bc4\u4ef7", "content_type": 21, "codename": "delete_testimonials"}}, {"model": "auth.permission", "pk": 84, "fields": {"name": "Can view \u5ba2\u6237\u8bc4\u4ef7", "content_type": 21, "codename": "view_testimonials"}}, {"model": "auth.permission", "pk": 85, "fields": {"name": "Can add \u6211\u4eec\u7684\u56e2\u961f", "content_type": 22, "codename": "add_teammember"}}, {"model": "auth.permission", "pk": 86, "fields": {"name": "Can change \u6211\u4eec\u7684\u56e2\u961f", "content_type": 22, "codename": "change_teammember"}}, {"model": "auth.permission", "pk": 87, "fields": {"name": "Can delete \u6211\u4eec\u7684\u56e2\u961f", "content_type": 22, "codename": "delete_teammember"}}, {"model": "auth.permission", "pk": 88, "fields": {"name": "Can view \u6211\u4eec\u7684\u56e2\u961f", "content_type": 22, "codename": "view_teammember"}}, {"model": "auth.permission", "pk": 89, "fields": {"name": "Can add \u6211\u4eec\u7684\u5ba2\u6237", "content_type": 23, "codename": "add_ourclient"}}, {"model": "auth.permission", "pk": 90, "fields": {"name": "Can change \u6211\u4eec\u7684\u5ba2\u6237", "content_type": 23, "codename": "change_ourclient"}}, {"model": "auth.permission", "pk": 91, "fields": {"name": "Can delete \u6211\u4eec\u7684\u5ba2\u6237", "content_type": 23, "codename": "delete_ourclient"}}, {"model": "auth.permission", "pk": 92, "fields": {"name": "Can view \u6211\u4eec\u7684\u5ba2\u6237", "content_type": 23, "codename": "view_ourclient"}}, {"model": "auth.permission", "pk": 93, "fields": {"name": "Can add \u670d\u52a1", "content_type": 24, "codename": "add_service"}}, {"model": "auth.permission", "pk": 94, "fields": {"name": "Can change \u670d\u52a1", "content_type": 24, "codename": "change_service"}}, {"model": "auth.permission", "pk": 95, "fields": {"name": "Can delete \u670d\u52a1", "content_type": 24, "codename": "delete_service"}}, {"model": "auth.permission", "pk": 96, "fields": {"name": "Can view \u670d\u52a1", "content_type": 24, "codename": "view_service"}}, {"model": "auth.permission", "pk": 97, "fields": {"name": "Can add \u670d\u52a1\u5185\u5bb9", "content_type": 25, "codename": "add_serviceitem"}}, {"model": "auth.permission", "pk": 98, "fields": {"name": "Can change \u670d\u52a1\u5185\u5bb9", "content_type": 25, "codename": "change_serviceitem"}}, {"model": "auth.permission", "pk": 99, "fields": {"name": "Can delete \u670d\u52a1\u5185\u5bb9", "content_type": 25, "codename": "delete_serviceitem"}}, {"model": "auth.permission", "pk": 100, "fields": {"name": "Can view \u670d\u52a1\u5185\u5bb9", "content_type": 25, "codename": "view_serviceitem"}}, {"model": "auth.permission", "pk": 101, "fields": {"name": "Can add \u670d\u52a1\u6d41\u7a0b\u548c\u7279\u70b9", "content_type": 26, "codename": "add_serverprocess"}}, {"model": "auth.permission", "pk": 102, "fields": {"name": "Can change \u670d\u52a1\u6d41\u7a0b\u548c\u7279\u70b9", "content_type": 26, "codename": "change_serverprocess"}}, {"model": "auth.permission", "pk": 103, "fields": {"name": "Can delete \u670d\u52a1\u6d41\u7a0b\u548c\u7279\u70b9", "content_type": 26, "codename": "delete_serverprocess"}}, {"model": "auth.permission", "pk": 104, "fields": {"name": "Can view \u670d\u52a1\u6d41\u7a0b\u548c\u7279\u70b9", "content_type": 26, "codename": "view_serverprocess"}}, {"model": "auth.permission", "pk": 105, "fields": {"name": "Can add \u9879\u76ee", "content_type": 27, "codename": "add_project"}}, {"model": "auth.permission", "pk": 106, "fields": {"name": "Can change \u9879\u76ee", "content_type": 27, "codename": "change_project"}}, {"model": "auth.permission", "pk": 107, "fields": {"name": "Can delete \u9879\u76ee", "content_type": 27, "codename": "delete_project"}}, {"model": "auth.permission", "pk": 108, "fields": {"name": "Can view \u9879\u76ee", "content_type": 27, "codename": "view_project"}}, {"model": "auth.permission", "pk": 109, "fields": {"name": "Can add \u9879\u76ee\u6280\u672f\u6807\u7b7e", "content_type": 28, "codename": "add_projecttag"}}, {"model": "auth.permission", "pk": 110, "fields": {"name": "Can change \u9879\u76ee\u6280\u672f\u6807\u7b7e", "content_type": 28, "codename": "change_projecttag"}}, {"model": "auth.permission", "pk": 111, "fields": {"name": "Can delete \u9879\u76ee\u6280\u672f\u6807\u7b7e", "content_type": 28, "codename": "delete_projecttag"}}, {"model": "auth.permission", "pk": 112, "fields": {"name": "Can view \u9879\u76ee\u6280\u672f\u6807\u7b7e", "content_type": 28, "codename": "view_projecttag"}}, {"model": "auth.permission", "pk": 113, "fields": {"name": "Can add \u9879\u76ee\u9644\u4ef6", "content_type": 29, "codename": "add_projectattach"}}, {"model": "auth.permission", "pk": 114, "fields": {"name": "Can change \u9879\u76ee\u9644\u4ef6", "content_type": 29, "codename": "change_projectattach"}}, {"model": "auth.permission", "pk": 115, "fields": {"name": "Can delete \u9879\u76ee\u9644\u4ef6", "content_type": 29, "codename": "delete_projectattach"}}, {"model": "auth.permission", "pk": 116, "fields": {"name": "Can view \u9879\u76ee\u9644\u4ef6", "content_type": 29, "codename": "view_projectattach"}}, {"model": "auth.permission", "pk": 117, "fields": {"name": "Can add \u4e3b\u9875", "content_type": 30, "codename": "add_home"}}, {"model": "auth.permission", "pk": 118, "fields": {"name": "Can change \u4e3b\u9875", "content_type": 30, "codename": "change_home"}}, {"model": "auth.permission", "pk": 119, "fields": {"name": "Can delete \u4e3b\u9875", "content_type": 30, "codename": "delete_home"}}, {"model": "auth.permission", "pk": 120, "fields": {"name": "Can view \u4e3b\u9875", "content_type": 30, "codename": "view_home"}}, {"model": "auth.permission", "pk": 121, "fields": {"name": "Can add \u4e3b\u9875\u6211\u4eec\u7684\u4f18\u52bf", "content_type": 31, "codename": "add_homesuperiority"}}, {"model": "auth.permission", "pk": 122, "fields": {"name": "Can change \u4e3b\u9875\u6211\u4eec\u7684\u4f18\u52bf", "content_type": 31, "codename": "change_homesuperiority"}}, {"model": "auth.permission", "pk": 123, "fields": {"name": "Can delete \u4e3b\u9875\u6211\u4eec\u7684\u4f18\u52bf", "content_type": 31, "codename": "delete_homesuperiority"}}, {"model": "auth.permission", "pk": 124, "fields": {"name": "Can view \u4e3b\u9875\u6211\u4eec\u7684\u4f18\u52bf", "content_type": 31, "codename": "view_homesuperiority"}}, {"model": "auth.permission", "pk": 125, "fields": {"name": "Can add \u4e3b\u9875\u8dd1\u9a6c\u706f", "content_type": 32, "codename": "add_homecarousel"}}, {"model": "auth.permission", "pk": 126, "fields": {"name": "Can change \u4e3b\u9875\u8dd1\u9a6c\u706f", "content_type": 32, "codename": "change_homecarousel"}}, {"model": "auth.permission", "pk": 127, "fields": {"name": "Can delete \u4e3b\u9875\u8dd1\u9a6c\u706f", "content_type": 32, "codename": "delete_homecarousel"}}, {"model": "auth.permission", "pk": 128, "fields": {"name": "Can view \u4e3b\u9875\u8dd1\u9a6c\u706f", "content_type": 32, "codename": "view_homecarousel"}}, {"model": "auth.permission", "pk": 129, "fields": {"name": "Can add \u9644\u4ef6", "content_type": 33, "codename": "add_baseattach"}}, {"model": "auth.permission", "pk": 130, "fields": {"name": "Can change \u9644\u4ef6", "content_type": 33, "codename": "change_baseattach"}}, {"model": "auth.permission", "pk": 131, "fields": {"name": "Can delete \u9644\u4ef6", "content_type": 33, "codename": "delete_baseattach"}}, {"model": "auth.permission", "pk": 132, "fields": {"name": "Can view \u9644\u4ef6", "content_type": 33, "codename": "view_baseattach"}}, {"model": "auth.permission", "pk": 133, "fields": {"name": "Can add \u6807\u7b7e", "content_type": 34, "codename": "add_basetag"}}, {"model": "auth.permission", "pk": 134, "fields": {"name": "Can change \u6807\u7b7e", "content_type": 34, "codename": "change_basetag"}}, {"model": "auth.permission", "pk": 135, "fields": {"name": "Can delete \u6807\u7b7e", "content_type": 34, "codename": "delete_basetag"}}, {"model": "auth.permission", "pk": 136, "fields": {"name": "Can view \u6807\u7b7e", "content_type": 34, "codename": "view_basetag"}}, {"model": "auth.permission", "pk": 137, "fields": {"name": "Can add \u5ba2\u6237\u8bc4\u4ef7", "content_type": 21, "codename": "add_evaluation"}}, {"model": "auth.permission", "pk": 138, "fields": {"name": "Can change \u5ba2\u6237\u8bc4\u4ef7", "content_type": 21, "codename": "change_evaluation"}}, {"model": "auth.permission", "pk": 139, "fields": {"name": "Can delete \u5ba2\u6237\u8bc4\u4ef7", "content_type": 21, "codename": "delete_evaluation"}}, {"model": "auth.permission", "pk": 140, "fields": {"name": "Can view \u5ba2\u6237\u8bc4\u4ef7", "content_type": 21, "codename": "view_evaluation"}}, {"model": "auth.permission", "pk": 141, "fields": {"name": "Can add \u9879\u76ee", "content_type": 35, "codename": "add_case"}}, {"model": "auth.permission", "pk": 142, "fields": {"name": "Can change \u9879\u76ee", "content_type": 35, "codename": "change_case"}}, {"model": "auth.permission", "pk": 143, "fields": {"name": "Can delete \u9879\u76ee", "content_type": 35, "codename": "delete_case"}}, {"model": "auth.permission", "pk": 144, "fields": {"name": "Can view \u9879\u76ee", "content_type": 35, "codename": "view_case"}}, {"model": "auth.permission", "pk": 145, "fields": {"name": "Can add \u9879\u76ee", "content_type": 36, "codename": "add_product"}}, {"model": "auth.permission", "pk": 146, "fields": {"name": "Can change \u9879\u76ee", "content_type": 36, "codename": "change_product"}}, {"model": "auth.permission", "pk": 147, "fields": {"name": "Can delete \u9879\u76ee", "content_type": 36, "codename": "delete_product"}}, {"model": "auth.permission", "pk": 148, "fields": {"name": "Can view \u9879\u76ee", "content_type": 36, "codename": "view_product"}}, {"model": "auth.permission", "pk": 149, "fields": {"name": "Can add category", "content_type": 37, "codename": "add_category"}}, {"model": "auth.permission", "pk": 150, "fields": {"name": "Can change category", "content_type": 37, "codename": "change_category"}}, {"model": "auth.permission", "pk": 151, "fields": {"name": "Can delete category", "content_type": 37, "codename": "delete_category"}}, {"model": "auth.permission", "pk": 152, "fields": {"name": "Can view category", "content_type": 37, "codename": "view_category"}}, {"model": "auth.permission", "pk": 153, "fields": {"name": "Can add \u5728\u7ebf\u7559\u8a00", "content_type": 38, "codename": "add_message"}}, {"model": "auth.permission", "pk": 154, "fields": {"name": "Can change \u5728\u7ebf\u7559\u8a00", "content_type": 38, "codename": "change_message"}}, {"model": "auth.permission", "pk": 155, "fields": {"name": "Can delete \u5728\u7ebf\u7559\u8a00", "content_type": 38, "codename": "delete_message"}}, {"model": "auth.permission", "pk": 156, "fields": {"name": "Can view \u5728\u7ebf\u7559\u8a00", "content_type": 38, "codename": "view_message"}}, {"model": "auth.permission", "pk": 157, "fields": {"name": "Can add \u7f51\u7ad9\u914d\u7f6e", "content_type": 39, "codename": "add_blogsettings"}}, {"model": "auth.permission", "pk": 158, "fields": {"name": "Can change \u7f51\u7ad9\u914d\u7f6e", "content_type": 39, "codename": "change_blogsettings"}}, {"model": "auth.permission", "pk": 159, "fields": {"name": "Can delete \u7f51\u7ad9\u914d\u7f6e", "content_type": 39, "codename": "delete_blogsettings"}}, {"model": "auth.permission", "pk": 160, "fields": {"name": "Can view \u7f51\u7ad9\u914d\u7f6e", "content_type": 39, "codename": "view_blogsettings"}}, {"model": "auth.permission", "pk": 161, "fields": {"name": "Can add \u7f51\u7ad9\u914d\u7f6e", "content_type": 39, "codename": "add_websettings"}}, {"model": "auth.permission", "pk": 162, "fields": {"name": "Can change \u7f51\u7ad9\u914d\u7f6e", "content_type": 39, "codename": "change_websettings"}}, {"model": "auth.permission", "pk": 163, "fields": {"name": "Can delete \u7f51\u7ad9\u914d\u7f6e", "content_type": 39, "codename": "delete_websettings"}}, {"model": "auth.permission", "pk": 164, "fields": {"name": "Can view \u7f51\u7ad9\u914d\u7f6e", "content_type": 39, "codename": "view_websettings"}}, {"model": "auth.permission", "pk": 165, "fields": {"name": "Can add \u5728\u7ebf\u7559\u8a00", "content_type": 40, "codename": "add_message"}}, {"model": "auth.permission", "pk": 166, "fields": {"name": "Can change \u5728\u7ebf\u7559\u8a00", "content_type": 40, "codename": "change_message"}}, {"model": "auth.permission", "pk": 167, "fields": {"name": "Can delete \u5728\u7ebf\u7559\u8a00", "content_type": 40, "codename": "delete_message"}}, {"model": "auth.permission", "pk": 168, "fields": {"name": "Can view \u5728\u7ebf\u7559\u8a00", "content_type": 40, "codename": "view_message"}}, {"model": "auth.permission", "pk": 169, "fields": {"name": "Can add \u5173\u4e8e\u6211\u4eec", "content_type": 41, "codename": "add_aboutus"}}, {"model": "auth.permission", "pk": 170, "fields": {"name": "Can change \u5173\u4e8e\u6211\u4eec", "content_type": 41, "codename": "change_aboutus"}}, {"model": "auth.permission", "pk": 171, "fields": {"name": "Can delete \u5173\u4e8e\u6211\u4eec", "content_type": 41, "codename": "delete_aboutus"}}, {"model": "auth.permission", "pk": 172, "fields": {"name": "Can view \u5173\u4e8e\u6211\u4eec", "content_type": 41, "codename": "view_aboutus"}}, {"model": "auth.permission", "pk": 173, "fields": {"name": "Can add \u7cbe\u82f1\u62db\u8058", "content_type": 42, "codename": "add_joinus"}}, {"model": "auth.permission", "pk": 174, "fields": {"name": "Can change \u7cbe\u82f1\u62db\u8058", "content_type": 42, "codename": "change_joinus"}}, {"model": "auth.permission", "pk": 175, "fields": {"name": "Can delete \u7cbe\u82f1\u62db\u8058", "content_type": 42, "codename": "delete_joinus"}}, {"model": "auth.permission", "pk": 176, "fields": {"name": "Can view \u7cbe\u82f1\u62db\u8058", "content_type": 42, "codename": "view_joinus"}}, {"model": "auth.permission", "pk": 177, "fields": {"name": "Can add \u8054\u7cfb\u6211\u4eec", "content_type": 43, "codename": "add_contactus"}}, {"model": "auth.permission", "pk": 178, "fields": {"name": "Can change \u8054\u7cfb\u6211\u4eec", "content_type": 43, "codename": "change_contactus"}}, {"model": "auth.permission", "pk": 179, "fields": {"name": "Can delete \u8054\u7cfb\u6211\u4eec", "content_type": 43, "codename": "delete_contactus"}}, {"model": "auth.permission", "pk": 180, "fields": {"name": "Can view \u8054\u7cfb\u6211\u4eec", "content_type": 43, "codename": "view_contactus"}}, {"model": "accounts.bloguser", "pk": 1, "fields": {"password": "test!q@w#eTYU", "last_login": null, "is_superuser": false, "username": "\u6d4b\u8bd5\u7528\u6237", "first_name": "", "last_name": "", "email": "test@test.com", "is_staff": false, "is_active": true, "date_joined": "2020-03-30T11:58:11.769", "nickname": "", "created_time": "2020-03-30T11:58:11.769", "last_mod_time": "2020-03-30T11:58:11.769", "source": "", "groups": [], "user_permissions": []}}, {"model": "accounts.bloguser", "pk": 2, "fields": {"password": "pbkdf2_sha256$180000$PJuY0JSinBUS$W5UoAHkT9IMOhVuQ3j3G8A+hpnbDay4BRiH716dyYAM=", "last_login": "2020-04-10T12:51:37.372", "is_superuser": true, "username": "admin", "first_name": "", "last_name": "", "email": "1052921694@qq.com", "is_staff": true, "is_active": true, "date_joined": "2020-03-30T12:02:22.314", "nickname": "", "created_time": "2020-03-30T12:02:22.314", "last_mod_time": "2020-03-30T12:02:22.314", "source": "", "groups": [], "user_permissions": []}}, {"model": "comments.comment", "pk": 1, "fields": {"body": "dfaf", "created_time": "2020-04-08T05:50:40.733", "last_mod_time": "2020-04-08T05:50:40.733", "author": 2, "article": 18, "parent_comment": null, "is_enable": true}}, {"model": "comments.comment", "pk": 2, "fields": {"body": "fdssf", "created_time": "2020-04-08T05:50:49.979", "last_mod_time": "2020-04-08T05:50:49.979", "author": 2, "article": 18, "parent_comment": 1, "is_enable": true}}, {"model": "comments.comment", "pk": 3, "fields": {"body": "gddh", "created_time": "2020-04-08T05:50:55.263", "last_mod_time": "2020-04-08T05:50:55.263", "author": 2, "article": 18, "parent_comment": 2, "is_enable": true}}, {"model": "comments.comment", "pk": 4, "fields": {"body": "jghgg", "created_time": "2020-04-08T05:50:59.966", "last_mod_time": "2020-04-08T05:50:59.966", "author": 2, "article": 18, "parent_comment": 3, "is_enable": true}}, {"model": "comments.comment", "pk": 5, "fields": {"body": "gjggj", "created_time": "2020-04-08T05:51:04.612", "last_mod_time": "2020-04-08T05:51:04.612", "author": 2, "article": 18, "parent_comment": 4, "is_enable": true}}, {"model": "comments.comment", "pk": 6, "fields": {"body": "fhfh", "created_time": "2020-04-08T05:51:10.461", "last_mod_time": "2020-04-08T05:51:10.461", "author": 2, "article": 18, "parent_comment": 5, "is_enable": true}}, {"model": "comments.comment", "pk": 7, "fields": {"body": "hjhg", "created_time": "2020-04-08T05:51:15.086", "last_mod_time": "2020-04-08T05:51:15.086", "author": 2, "article": 18, "parent_comment": 6, "is_enable": true}}, {"model": "comments.comment", "pk": 8, "fields": {"body": "jhgghjgjghj", "created_time": "2020-04-08T05:51:24.760", "last_mod_time": "2020-04-08T05:51:24.760", "author": 2, "article": 18, "parent_comment": 1, "is_enable": true}}, {"model": "comments.comment", "pk": 9, "fields": {"body": "gkhkgghkghk", "created_time": "2020-04-08T05:51:31.419", "last_mod_time": "2020-04-08T05:51:31.419", "author": 2, "article": 18, "parent_comment": 3, "is_enable": true}}, {"model": "comments.comment", "pk": 10, "fields": {"body": "ghkkkgghjk", "created_time": "2020-04-08T05:51:39.857", "last_mod_time": "2020-04-08T05:51:39.857", "author": 2, "article": 18, "parent_comment": 4, "is_enable": true}}, {"model": "comments.comment", "pk": 11, "fields": {"body": "hjhjhjk", "created_time": "2020-04-08T05:51:45.268", "last_mod_time": "2020-04-08T05:51:45.268", "author": 2, "article": 18, "parent_comment": 2, "is_enable": true}}, {"model": "comments.comment", "pk": 12, "fields": {"body": "gfghjghgh", "created_time": "2020-04-08T05:51:59.012", "last_mod_time": "2020-04-08T05:51:59.012", "author": 2, "article": 18, "parent_comment": 8, "is_enable": true}}, {"model": "blog.article", "pk": 1, "fields": {"created_time": "2020-03-30T11:58:12.001", "last_mod_time": "2020-03-30T11:58:12.001", "title": "nice title 1", "body": "nice content 1", "pub_time": "2020-03-30T11:58:12.001", "status": "p", "comment_status": "o", "type": "a", "views": 12, "author": 1, "article_order": 0, "category": 2, "tags": [1, 2]}}, {"model": "blog.article", "pk": 2, "fields": {"created_time": "2020-03-30T11:58:12.645", "last_mod_time": "2020-03-30T11:58:12.645", "title": "nice title 2", "body": "nice content 2", "pub_time": "2020-03-30T11:58:12.645", "status": "p", "comment_status": "o", "type": "a", "views": 0, "author": 1, "article_order": 0, "category": 2, "tags": [1, 3]}}, {"model": "blog.article", "pk": 3, "fields": {"created_time": "2020-03-30T11:58:12.953", "last_mod_time": "2020-03-30T11:58:12.953", "title": "nice title 3", "body": "nice content 3", "pub_time": "2020-03-30T11:58:12.953", "status": "p", "comment_status": "o", "type": "a", "views": 3, "author": 1, "article_order": 0, "category": 2, "tags": [1, 4]}}, {"model": "blog.article", "pk": 4, "fields": {"created_time": "2020-03-30T11:58:13.088", "last_mod_time": "2020-03-30T11:58:13.088", "title": "nice title 4", "body": "nice content 4", "pub_time": "2020-03-30T11:58:13.088", "status": "p", "comment_status": "o", "type": "a", "views": 0, "author": 1, "article_order": 0, "category": 2, "tags": [1, 5]}}, {"model": "blog.article", "pk": 5, "fields": {"created_time": "2020-03-30T11:58:13.252", "last_mod_time": "2020-03-30T11:58:13.252", "title": "nice title 5", "body": "nice content 5", "pub_time": "2020-03-30T11:58:13.252", "status": "p", "comment_status": "o", "type": "a", "views": 0, "author": 1, "article_order": 0, "category": 2, "tags": [1, 6]}}, {"model": "blog.article", "pk": 6, "fields": {"created_time": "2020-03-30T11:58:13.409", "last_mod_time": "2020-03-30T11:58:13.409", "title": "nice title 6", "body": "nice content 6", "pub_time": "2020-03-30T11:58:13.409", "status": "p", "comment_status": "o", "type": "a", "views": 0, "author": 1, "article_order": 0, "category": 2, "tags": [1, 7]}}, {"model": "blog.article", "pk": 7, "fields": {"created_time": "2020-03-30T11:58:13.555", "last_mod_time": "2020-03-30T11:58:13.555", "title": "nice title 7", "body": "nice content 7", "pub_time": "2020-03-30T11:58:13.555", "status": "p", "comment_status": "o", "type": "a", "views": 0, "author": 1, "article_order": 0, "category": 2, "tags": [1, 8]}}, {"model": "blog.article", "pk": 8, "fields": {"created_time": "2020-03-30T11:58:13.901", "last_mod_time": "2020-03-30T11:58:13.901", "title": "nice title 8", "body": "nice content 8", "pub_time": "2020-03-30T11:58:13.901", "status": "p", "comment_status": "o", "type": "a", "views": 0, "author": 1, "article_order": 0, "category": 2, "tags": [1, 9]}}, {"model": "blog.article", "pk": 9, "fields": {"created_time": "2020-03-30T11:58:14.040", "last_mod_time": "2020-03-30T11:58:14.040", "title": "nice title 9", "body": "nice content 9", "pub_time": "2020-03-30T11:58:14.040", "status": "p", "comment_status": "o", "type": "a", "views": 0, "author": 1, "article_order": 0, "category": 2, "tags": [1, 10]}}, {"model": "blog.article", "pk": 10, "fields": {"created_time": "2020-03-30T11:58:14.204", "last_mod_time": "2020-03-30T11:58:14.204", "title": "nice title 10", "body": "nice content 10", "pub_time": "2020-03-30T11:58:14.204", "status": "p", "comment_status": "o", "type": "a", "views": 0, "author": 1, "article_order": 0, "category": 2, "tags": [1, 11]}}, {"model": "blog.article", "pk": 11, "fields": {"created_time": "2020-03-30T11:58:14.346", "last_mod_time": "2020-03-30T11:58:14.346", "title": "nice title 11", "body": "nice content 11", "pub_time": "2020-03-30T11:58:14.347", "status": "p", "comment_status": "o", "type": "a", "views": 0, "author": 1, "article_order": 0, "category": 2, "tags": [1, 12]}}, {"model": "blog.article", "pk": 12, "fields": {"created_time": "2020-03-30T11:58:14.481", "last_mod_time": "2020-03-30T11:58:14.481", "title": "nice title 12", "body": "nice content 12", "pub_time": "2020-03-30T11:58:14.481", "status": "p", "comment_status": "o", "type": "a", "views": 0, "author": 1, "article_order": 0, "category": 2, "tags": [1, 13]}}, {"model": "blog.article", "pk": 13, "fields": {"created_time": "2020-03-30T11:58:14.646", "last_mod_time": "2020-03-30T11:58:14.646", "title": "nice title 13", "body": "nice content 13", "pub_time": "2020-03-30T11:58:14.646", "status": "p", "comment_status": "o", "type": "a", "views": 2, "author": 1, "article_order": 0, "category": 2, "tags": [1, 14]}}, {"model": "blog.article", "pk": 14, "fields": {"created_time": "2020-03-30T11:58:14.786", "last_mod_time": "2020-03-30T11:58:14.786", "title": "nice title 14", "body": "nice content 14", "pub_time": "2020-03-30T11:58:14.786", "status": "p", "comment_status": "o", "type": "a", "views": 0, "author": 1, "article_order": 0, "category": 2, "tags": [1, 15]}}, {"model": "blog.article", "pk": 15, "fields": {"created_time": "2020-03-30T11:58:14.968", "last_mod_time": "2020-03-30T11:58:14.968", "title": "nice title 15", "body": "nice content 15", "pub_time": "2020-03-30T11:58:14.968", "status": "p", "comment_status": "o", "type": "a", "views": 8, "author": 1, "article_order": 0, "category": 2, "tags": [1, 16]}}, {"model": "blog.article", "pk": 16, "fields": {"created_time": "2020-03-30T11:58:15.111", "last_mod_time": "2020-03-30T11:58:15.111", "title": "nice title 16", "body": "nice content 16", "pub_time": "2020-03-30T11:58:15.111", "status": "p", "comment_status": "o", "type": "a", "views": 24, "author": 1, "article_order": 0, "category": 2, "tags": [1, 17]}}, {"model": "blog.article", "pk": 17, "fields": {"created_time": "2020-03-30T11:58:15.260", "last_mod_time": "2020-03-30T11:58:15.260", "title": "nice title 17", "body": "nice content 17", "pub_time": "2020-03-30T11:58:15.260", "status": "p", "comment_status": "o", "type": "a", "views": 22, "author": 1, "article_order": 0, "category": 2, "tags": [1, 18]}}, {"model": "blog.article", "pk": 18, "fields": {"created_time": "2020-03-30T11:58:15.468", "last_mod_time": "2020-03-30T11:58:15.468", "title": "nice title 18", "body": "nice content 18", "pub_time": "2020-03-30T11:58:15.468", "status": "p", "comment_status": "o", "type": "a", "views": 56, "author": 1, "article_order": 0, "category": 2, "tags": [1, 19]}}, {"model": "blog.article", "pk": 19, "fields": {"created_time": "2020-03-30T11:58:15.618", "last_mod_time": "2020-03-30T11:58:15.618", "title": "nice title 19", "body": "nice content 19![](/media/editor/verify_20200408185704706516.png)", "pub_time": "2020-03-30T11:58:15", "status": "p", "comment_status": "o", "type": "a", "views": 18, "author": 2, "article_order": 0, "category": 2, "tags": [1, 20]}}, {"model": "admin.logentry", "pk": 1, "fields": {"action_time": "2020-03-30T12:37:16.317", "user": 2, "content_type": 30, "object_id": "2", "object_repr": "\u4e3b\u9875", "action_flag": 1, "change_message": "[{\"added\": {}}, {\"added\": {\"name\": \"\\u4e3b\\u9875\\u8dd1\\u9a6c\\u706f\", \"object\": \"HomeCarousel object (2)\"}}, {\"added\": {\"name\": \"\\u4e3b\\u9875\\u8dd1\\u9a6c\\u706f\", \"object\": \"HomeCarousel object (3)\"}}, {\"added\": {\"name\": \"\\u4e3b\\u9875\\u8dd1\\u9a6c\\u706f\", \"object\": \"HomeCarousel object (4)\"}}, {\"added\": {\"name\": \"\\u4e3b\\u9875\\u6211\\u4eec\\u7684\\u4f18\\u52bf\", \"object\": \"HomeSuperiority object (1)\"}}, {\"added\": {\"name\": \"\\u4e3b\\u9875\\u6211\\u4eec\\u7684\\u4f18\\u52bf\", \"object\": \"HomeSuperiority object (2)\"}}, {\"added\": {\"name\": \"\\u4e3b\\u9875\\u6211\\u4eec\\u7684\\u4f18\\u52bf\", \"object\": \"HomeSuperiority object (3)\"}}]"}}, {"model": "admin.logentry", "pk": 2, "fields": {"action_time": "2020-03-31T06:58:18.914", "user": 2, "content_type": 20, "object_id": "1", "object_repr": "http://www.qdqtrj.com", "action_flag": 1, "change_message": "[{\"added\": {}}, {\"added\": {\"name\": \"\\u6211\\u4eec\\u7684\\u5ba2\\u6237\", \"object\": \"OurClient object (1)\"}}, {\"added\": {\"name\": \"\\u6211\\u4eec\\u7684\\u5ba2\\u6237\", \"object\": \"OurClient object (2)\"}}, {\"added\": {\"name\": \"\\u6211\\u4eec\\u7684\\u5ba2\\u6237\", \"object\": \"OurClient object (3)\"}}, {\"added\": {\"name\": \"\\u6211\\u4eec\\u7684\\u56e2\\u961f\", \"object\": \"TeamMember object (1)\"}}, {\"added\": {\"name\": \"\\u6211\\u4eec\\u7684\\u56e2\\u961f\", \"object\": \"TeamMember object (2)\"}}, {\"added\": {\"name\": \"\\u6211\\u4eec\\u7684\\u56e2\\u961f\", \"object\": \"TeamMember object (3)\"}}]"}}, {"model": "admin.logentry", "pk": 3, "fields": {"action_time": "2020-04-07T04:33:38.885", "user": 2, "content_type": 30, "object_id": "2", "object_repr": "\u4e3b\u9875", "action_flag": 2, "change_message": "[]"}}, {"model": "admin.logentry", "pk": 4, "fields": {"action_time": "2020-04-07T09:43:56.757", "user": 2, "content_type": 24, "object_id": "1", "object_repr": "\u8428\u82ac\u7684", "action_flag": 1, "change_message": "[{\"added\": {}}]"}}, {"model": "admin.logentry", "pk": 5, "fields": {"action_time": "2020-04-07T10:30:26.402", "user": 2, "content_type": 24, "object_id": "2", "object_repr": "\u6492\u6265", "action_flag": 1, "change_message": "[{\"added\": {}}]"}}, {"model": "admin.logentry", "pk": 6, "fields": {"action_time": "2020-04-08T02:21:58.512", "user": 2, "content_type": 34, "object_id": "1", "object_repr": "sdf", "action_flag": 1, "change_message": "[{\"added\": {}}]"}}, {"model": "admin.logentry", "pk": 7, "fields": {"action_time": "2020-04-08T02:23:28.573", "user": 2, "content_type": 36, "object_id": "1", "object_repr": "\u6492\u6265\u5b89\u8d5b\u98de", "action_flag": 1, "change_message": "[{\"added\": {}}]"}}, {"model": "admin.logentry", "pk": 8, "fields": {"action_time": "2020-04-08T02:27:56.342", "user": 2, "content_type": 36, "object_id": "2", "object_repr": "fghdjdfgj", "action_flag": 1, "change_message": "[{\"added\": {}}]"}}, {"model": "admin.logentry", "pk": 9, "fields": {"action_time": "2020-04-08T03:06:45.456", "user": 2, "content_type": 37, "object_id": "1", "object_repr": "\u6492\u6265", "action_flag": 1, "change_message": "[{\"added\": {}}]"}}, {"model": "admin.logentry", "pk": 10, "fields": {"action_time": "2020-04-08T03:06:48.566", "user": 2, "content_type": 37, "object_id": "2", "object_repr": "\u4ed8\u4e1c\u98ce", "action_flag": 1, "change_message": "[{\"added\": {}}]"}}, {"model": "admin.logentry", "pk": 11, "fields": {"action_time": "2020-04-08T03:06:52.677", "user": 2, "content_type": 37, "object_id": "3", "object_repr": "\u4e1c\u98ce", "action_flag": 1, "change_message": "[{\"added\": {}}]"}}, {"model": "admin.logentry", "pk": 12, "fields": {"action_time": "2020-04-08T03:07:00.551", "user": 2, "content_type": 37, "object_id": "4", "object_repr": "43\u4e1c\u98ce", "action_flag": 1, "change_message": "[{\"added\": {}}]"}}, {"model": "admin.logentry", "pk": 13, "fields": {"action_time": "2020-04-08T03:07:08.191", "user": 2, "content_type": 37, "object_id": "5", "object_repr": "\u50e7\u53d1\u7684", "action_flag": 1, "change_message": "[{\"added\": {}}]"}}, {"model": "admin.logentry", "pk": 14, "fields": {"action_time": "2020-04-08T03:07:43.949", "user": 2, "content_type": 35, "object_id": "1", "object_repr": "sad\u5206", "action_flag": 1, "change_message": "[{\"added\": {}}]"}}, {"model": "admin.logentry", "pk": 15, "fields": {"action_time": "2020-04-08T03:08:02.482", "user": 2, "content_type": 35, "object_id": "2", "object_repr": "sdfg", "action_flag": 1, "change_message": "[{\"added\": {}}]"}}, {"model": "admin.logentry", "pk": 16, "fields": {"action_time": "2020-04-08T03:08:20.997", "user": 2, "content_type": 35, "object_id": "3", "object_repr": "ghfj", "action_flag": 1, "change_message": "[{\"added\": {}}]"}}, {"model": "admin.logentry", "pk": 17, "fields": {"action_time": "2020-04-08T03:08:38.440", "user": 2, "content_type": 35, "object_id": "4", "object_repr": "fghj", "action_flag": 1, "change_message": "[{\"added\": {}}]"}}, {"model": "admin.logentry", "pk": 18, "fields": {"action_time": "2020-04-08T07:27:59.992", "user": 2, "content_type": 39, "object_id": "1", "object_repr": "\u9752\u5c9b\u524d\u9014\u8f6f\u4ef6\u6280\u672f\u6709\u9650\u516c\u53f8", "action_flag": 2, "change_message": "[{\"changed\": {\"fields\": [\"\\u535a\\u5ba2\\u540d\\u79f0\", \"\\u535a\\u5ba2\\u63cf\\u8ff0\", \"\\u535a\\u5ba2SEO\\u63cf\\u8ff0\", \"\\u535a\\u5ba2\\u5173\\u952e\\u5b57\", \"\\u7f51\\u7ad9\\u7edf\\u8ba1\\u4ee3\\u7801\"]}}]"}}, {"model": "admin.logentry", "pk": 19, "fields": {"action_time": "2020-04-08T07:46:10.959", "user": 2, "content_type": 17, "object_id": "1", "object_repr": "\u6e05\u7a7a\u7f13\u5b58", "action_flag": 1, "change_message": "[{\"added\": {}}]"}}, {"model": "admin.logentry", "pk": 20, "fields": {"action_time": "2020-04-08T07:46:58.138", "user": 2, "content_type": 18, "object_id": "23", "object_repr": "\u611f\u8c22\u60a8\u53d1\u8868\u7684\u8bc4\u8bba", "action_flag": 3, "change_message": ""}}, {"model": "admin.logentry", "pk": 21, "fields": {"action_time": "2020-04-08T07:46:58.138", "user": 2, "content_type": 18, "object_id": "22", "object_repr": "\u611f\u8c22\u60a8\u53d1\u8868\u7684\u8bc4\u8bba", "action_flag": 3, "change_message": ""}}, {"model": "admin.logentry", "pk": 22, "fields": {"action_time": "2020-04-08T07:46:58.139", "user": 2, "content_type": 18, "object_id": "21", "object_repr": "\u611f\u8c22\u60a8\u53d1\u8868\u7684\u8bc4\u8bba", "action_flag": 3, "change_message": ""}}, {"model": "admin.logentry", "pk": 23, "fields": {"action_time": "2020-04-08T07:46:58.140", "user": 2, "content_type": 18, "object_id": "20", "object_repr": "\u611f\u8c22\u60a8\u53d1\u8868\u7684\u8bc4\u8bba", "action_flag": 3, "change_message": ""}}, {"model": "admin.logentry", "pk": 24, "fields": {"action_time": "2020-04-08T07:46:58.141", "user": 2, "content_type": 18, "object_id": "19", "object_repr": "\u611f\u8c22\u60a8\u53d1\u8868\u7684\u8bc4\u8bba", "action_flag": 3, "change_message": ""}}, {"model": "admin.logentry", "pk": 25, "fields": {"action_time": "2020-04-08T07:46:58.141", "user": 2, "content_type": 18, "object_id": "18", "object_repr": "\u611f\u8c22\u60a8\u53d1\u8868\u7684\u8bc4\u8bba", "action_flag": 3, "change_message": ""}}, {"model": "admin.logentry", "pk": 26, "fields": {"action_time": "2020-04-08T07:46:58.142", "user": 2, "content_type": 18, "object_id": "17", "object_repr": "\u611f\u8c22\u60a8\u53d1\u8868\u7684\u8bc4\u8bba", "action_flag": 3, "change_message": ""}}, {"model": "admin.logentry", "pk": 27, "fields": {"action_time": "2020-04-08T07:46:58.143", "user": 2, "content_type": 18, "object_id": "16", "object_repr": "\u611f\u8c22\u60a8\u53d1\u8868\u7684\u8bc4\u8bba", "action_flag": 3, "change_message": ""}}, {"model": "admin.logentry", "pk": 28, "fields": {"action_time": "2020-04-08T07:46:58.144", "user": 2, "content_type": 18, "object_id": "15", "object_repr": "\u611f\u8c22\u60a8\u53d1\u8868\u7684\u8bc4\u8bba", "action_flag": 3, "change_message": ""}}, {"model": "admin.logentry", "pk": 29, "fields": {"action_time": "2020-04-08T07:46:58.145", "user": 2, "content_type": 18, "object_id": "14", "object_repr": "\u611f\u8c22\u60a8\u53d1\u8868\u7684\u8bc4\u8bba", "action_flag": 3, "change_message": ""}}, {"model": "admin.logentry", "pk": 30, "fields": {"action_time": "2020-04-08T07:46:58.145", "user": 2, "content_type": 18, "object_id": "13", "object_repr": "\u611f\u8c22\u60a8\u53d1\u8868\u7684\u8bc4\u8bba", "action_flag": 3, "change_message": ""}}, {"model": "admin.logentry", "pk": 31, "fields": {"action_time": "2020-04-08T07:46:58.146", "user": 2, "content_type": 18, "object_id": "12", "object_repr": "\u611f\u8c22\u60a8\u53d1\u8868\u7684\u8bc4\u8bba", "action_flag": 3, "change_message": ""}}, {"model": "admin.logentry", "pk": 32, "fields": {"action_time": "2020-04-08T07:46:58.147", "user": 2, "content_type": 18, "object_id": "11", "object_repr": "\u611f\u8c22\u60a8\u53d1\u8868\u7684\u8bc4\u8bba", "action_flag": 3, "change_message": ""}}, {"model": "admin.logentry", "pk": 33, "fields": {"action_time": "2020-04-08T07:46:58.147", "user": 2, "content_type": 18, "object_id": "10", "object_repr": "\u611f\u8c22\u60a8\u53d1\u8868\u7684\u8bc4\u8bba", "action_flag": 3, "change_message": ""}}, {"model": "admin.logentry", "pk": 34, "fields": {"action_time": "2020-04-08T07:46:58.148", "user": 2, "content_type": 18, "object_id": "9", "object_repr": "\u611f\u8c22\u60a8\u53d1\u8868\u7684\u8bc4\u8bba", "action_flag": 3, "change_message": ""}}, {"model": "admin.logentry", "pk": 35, "fields": {"action_time": "2020-04-08T07:46:58.149", "user": 2, "content_type": 18, "object_id": "8", "object_repr": "\u611f\u8c22\u60a8\u53d1\u8868\u7684\u8bc4\u8bba", "action_flag": 3, "change_message": ""}}, {"model": "admin.logentry", "pk": 36, "fields": {"action_time": "2020-04-08T07:46:58.149", "user": 2, "content_type": 18, "object_id": "7", "object_repr": "\u611f\u8c22\u60a8\u53d1\u8868\u7684\u8bc4\u8bba", "action_flag": 3, "change_message": ""}}, {"model": "admin.logentry", "pk": 37, "fields": {"action_time": "2020-04-08T07:46:58.150", "user": 2, "content_type": 18, "object_id": "6", "object_repr": "\u611f\u8c22\u60a8\u53d1\u8868\u7684\u8bc4\u8bba", "action_flag": 3, "change_message": ""}}, {"model": "admin.logentry", "pk": 38, "fields": {"action_time": "2020-04-08T07:46:58.151", "user": 2, "content_type": 18, "object_id": "5", "object_repr": "\u611f\u8c22\u60a8\u53d1\u8868\u7684\u8bc4\u8bba", "action_flag": 3, "change_message": ""}}, {"model": "admin.logentry", "pk": 39, "fields": {"action_time": "2020-04-08T07:46:58.152", "user": 2, "content_type": 18, "object_id": "4", "object_repr": "\u611f\u8c22\u60a8\u53d1\u8868\u7684\u8bc4\u8bba", "action_flag": 3, "change_message": ""}}, {"model": "admin.logentry", "pk": 40, "fields": {"action_time": "2020-04-08T07:46:58.152", "user": 2, "content_type": 18, "object_id": "3", "object_repr": "\u611f\u8c22\u60a8\u53d1\u8868\u7684\u8bc4\u8bba", "action_flag": 3, "change_message": ""}}, {"model": "admin.logentry", "pk": 41, "fields": {"action_time": "2020-04-08T07:46:58.153", "user": 2, "content_type": 18, "object_id": "2", "object_repr": "\u611f\u8c22\u60a8\u53d1\u8868\u7684\u8bc4\u8bba", "action_flag": 3, "change_message": ""}}, {"model": "admin.logentry", "pk": 42, "fields": {"action_time": "2020-04-08T07:46:58.154", "user": 2, "content_type": 18, "object_id": "1", "object_repr": "\u611f\u8c22\u60a8\u53d1\u8868\u7684\u8bc4\u8bba", "action_flag": 3, "change_message": ""}}, {"model": "admin.logentry", "pk": 43, "fields": {"action_time": "2020-04-08T07:55:00.823", "user": 2, "content_type": 38, "object_id": "10", "object_repr": "Message object (10)", "action_flag": 3, "change_message": ""}}, {"model": "admin.logentry", "pk": 44, "fields": {"action_time": "2020-04-08T07:55:00.833", "user": 2, "content_type": 38, "object_id": "9", "object_repr": "Message object (9)", "action_flag": 3, "change_message": ""}}, {"model": "admin.logentry", "pk": 45, "fields": {"action_time": "2020-04-08T07:55:00.834", "user": 2, "content_type": 38, "object_id": "8", "object_repr": "Message object (8)", "action_flag": 3, "change_message": ""}}, {"model": "admin.logentry", "pk": 46, "fields": {"action_time": "2020-04-08T08:38:25.333", "user": 2, "content_type": 24, "object_id": "3", "object_repr": "\u8d5b\u98ce\u4e1c\u98ce", "action_flag": 1, "change_message": "[{\"added\": {}}]"}}, {"model": "admin.logentry", "pk": 47, "fields": {"action_time": "2020-04-08T10:57:21.705", "user": 2, "content_type": 12, "object_id": "19", "object_repr": "nice title 19", "action_flag": 2, "change_message": "[{\"changed\": {\"fields\": [\"\\u6b63\\u6587\", \"\\u4f5c\\u8005\"]}}]"}}, {"model": "admin.logentry", "pk": 48, "fields": {"action_time": "2020-04-10T12:52:47.464", "user": 2, "content_type": 41, "object_id": "1", "object_repr": "\u5173\u4e8e\u6211\u4eec", "action_flag": 1, "change_message": "[{\"added\": {}}]"}}, {"model": "admin.logentry", "pk": 49, "fields": {"action_time": "2020-04-10T12:56:45.273", "user": 2, "content_type": 41, "object_id": "1", "object_repr": "\u5173\u4e8e\u6211\u4eec", "action_flag": 2, "change_message": "[{\"changed\": {\"fields\": [\"\\u63cf\\u8ff0\"]}}]"}}, {"model": "admin.logentry", "pk": 50, "fields": {"action_time": "2020-04-10T12:57:57.368", "user": 2, "content_type": 41, "object_id": "1", "object_repr": "\u5173\u4e8e\u6211\u4eec", "action_flag": 2, "change_message": "[{\"changed\": {\"fields\": [\"\\u63cf\\u8ff0\"]}}]"}}]